QuestionID,Task,Question,ResponseCorrect,ResponseIncorrect,SourceLink_single,SourceLink_multiple,ResponseLength,SourceLength,ErrorType,ErrorPosition
1,,How has Apple's total net sales changed over time?,"Based on the provided documents, Apple's total net sales have changed over time as follows:

- For the quarterly period ended June 25, 2022, the total net sales were $82,959 million. 
- For the quarterly period ended December 31, 2022, the total net sales were $117,154 million.
- For the quarterly period ended April 1, 2023, the total net sales were $94,836 million. 
- For the quarterly period ended July 1, 2023, the total net sales were $81,797 million. 

From these figures, it can be observed that there was an increase in total net sales from the quarter ended June 25, 2022, to the quarter ended December 31, 2022. However, there was a subsequent decrease in total net sales in the quarters ended April 1, 2023, and July 1, 2023.",,[2022Q3-2023-Q3 AAPL.pdf],"[2022 Q3 AAPL.pdf, 2023 Q1 AAPL.pdf, 2023 Q2 AAPL.pdf, 2023 Q3 AAPL.pdf]",128,,,
2,,"Has there been any significant change in Apple's operating expenses over the reported quarters? If so, what are the key drivers for this change?","Yes, there has been a change in Apple's operating expenses over the reported quarters. The key drivers for this change are increases in research and development (""R&D"") expense and selling, general and administrative expense. The growth in R&D expense is primarily driven by increases in headcount-related expenses.

For the third quarter of 2022, the total operating expenses were $12,809 million, with R&D expenses of $6,797 million and selling, general and administrative expenses of $6,012 million.

For the first quarter of 2023, the total operating expenses increased to $14,316 million, with R&D expenses of $7,709 million and selling, general and administrative expenses of $6,607 million.

For the second quarter of 2023, the total operating expenses were $13,658 million, with R&D expenses of $7,457 million and selling, general and administrative expenses of $6,201 million.

For the third quarter of 2023, the total operating expenses were $13,415 million, with R&D expenses of $7,442 million and selling, general and administrative expenses of $5,973 million.

The consistent increase in R&D expenses indicates the company's continued investment in innovation and product development. The selling, general and administrative expenses have also increased, although they saw a slight decrease in the third quarter of 2023 compared to the second quarter of 2023.",,[2022Q3-2023-Q3 AAPL.pdf],"[2022 Q3 AAPL.pdf, 2023 Q1 AAPL.pdf, 2023 Q2 AAPL.pdf, 2023 Q3 AAPL.pdf]",199,,,
3,,How has Apple's revenue from iPhone sales fluctuated across quarters?,"The revenue from iPhone sales for Apple has fluctuated across the quarters as follows:

- In the quarter ended June 25, 2022, the revenue from iPhone sales was $40,665 million. 
- In the quarter ended December 31, 2022, the revenue from iPhone sales was $65,775 million.
- In the quarter ended April 1, 2023, the revenue from iPhone sales was $51,334 million. 
- In the quarter ended July 1, 2023, the revenue from iPhone sales was $39,669 million. ",,[2022Q3-2023-Q3 AAPL.pdf],"[2022 Q3 AAPL.pdf, 2023 Q1 AAPL.pdf, 2023 Q2 AAPL.pdf, 2023 Q3 AAPL.pdf]",76,,,
4,,Can any trends be identified in Apple's Services segment revenue over the reported periods?,"Based on the provided documents, there is a trend of increasing revenue in Apple's Services segment over the reported periods. The net sales for Services have shown growth from each period to the next. Specifically:

- In the quarter ended June 25, 2022, Services net sales were $19,604 million.
- In the quarter ended December 31, 2022, Services net sales increased to $20,766 million.
- In the quarter ended April 1, 2023, Services net sales further increased to $20,907 million.
- Finally, in the quarter ended July 1, 2023, Services net sales again increased to $21,213 million.

This consistent increase over the reported periods indicates a positive trend in the revenue of Apple's Services segment.",,[2022Q3-2023-Q3 AAPL.pdf],"[2022 Q3 AAPL.pdf, 2023 Q1 AAPL.pdf, 2023 Q2 AAPL.pdf, 2023 Q3 AAPL.pdf]",110,,,
5,,Are there any notable changes in Apple's liquidity position or cash flows as reported in these 10-Qs?,"Based on the provided documents, there are no explicit details indicating notable changes in Apple Inc.'s liquidity position or cash flows between the quarterly reports. The documents provided do not contain specific financial data or comparative analysis that would allow for an assessment of changes in the company's liquidity or cash flows.",,[2022Q3-2023-Q3 AAPL.pdf],"[2022 Q3 AAPL.pdf, 2023 Q1 AAPL.pdf, 2023 Q2 AAPL.pdf, 2023 Q3 AAPL.pdf]",52,,,
6,,What legal proceedings or contingencies are disclosed in these 10-Qs and how might they potentially impact Apple?,"The legal proceedings disclosed in the provided 10-Q documents include the following:

1. Epic Games Lawsuit: Epic Games, Inc. filed a lawsuit against Apple Inc. in the U.S. District Court for the Northern District of California, alleging violations of federal and state antitrust laws and California's unfair competition law based on Apple's operation of its App Store. The District Court ruled in favor of Apple on most counts but found that certain provisions of Apple's App Store Review Guidelines violated California's unfair competition law and issued an injunction. The case was appealed to the U.S. Court of Appeals for the Ninth Circuit, which affirmed the District Court's ruling. Further appeals and requests for review are mentioned, including a potential appeal to the U.S. Supreme Court and the Circuit Court's stay of the injunction pending such appeal.

2. European Commission State Aid Decision: The European Commission issued a decision that Ireland granted state aid to Apple by providing tax opinions in 1991 and 2007 concerning the tax allocation of profits of the Irish branches of two Apple subsidiaries. The decision ordered Ireland to recover additional taxes from Apple for the period June 2003 through December 2014. Both Apple and Ireland appealed the decision to the General Court of the Court of Justice of the European Union, which annulled the decision. The European Commission appealed the annulment to the European Court of Justice, and a hearing was held with a decision expected in calendar year 2024.

These legal proceedings and contingencies could potentially impact Apple in several ways:

- The Epic Games lawsuit could lead to changes in Apple's App Store policies and practices, particularly regarding the prohibition of developers from including external links to purchasing mechanisms other than Apple in-app purchasing. If the injunction takes effect, it could impact Apple's App Store revenue and operating model.
- The European Commission State Aid Decision could result in Apple being required to pay additional taxes for the specified period if the appeal by the European Commission is successful. Apple believes it would be eligible to claim a U.S. foreign tax credit for a portion of any incremental Irish corporate income taxes potentially due related to the decision.

Both matters could have financial implications for Apple, including potential monetary liabilities and changes to business practices that could affect future revenue and profitability.",,[2022Q3-2023-Q3 AAPL.pdf],"[2022 Q3 AAPL.pdf, 2023 Q1 AAPL.pdf, 2023 Q2 AAPL.pdf, 2023 Q3 AAPL.pdf]",382,,,
7,,Has Apple engaged in any significant share repurchase activities in the reported quarters and what are the financial implications of these activities?,"Yes, Apple has engaged in significant share repurchase activities in the reported quarters. The financial implications of these activities include a reduction in the number of shares outstanding, which can lead to an increase in earnings per share (EPS) and potentially enhance shareholder value. The repurchase activities are as follows:

- In the quarter ended June 25, 2022, Apple repurchased 408 million shares of its common stock for $65.0 billion under a share repurchase program authorized by the Board of Directors.
  
- In the quarter ended December 31, 2022, Apple repurchased 133 million shares of its common stock under an authorized share repurchase program for $19.0 billion, excluding excise tax due under the Inflation Reduction Act of 2022.

- In the quarter ended April 1, 2023, Apple repurchased 262 million shares of its common stock under an authorized share repurchase program for $38.1 billion, excluding excise tax due under the Inflation Reduction Act of 2022.

- In the quarter ended July 1, 2023, Apple repurchased 365 million shares of its common stock for $56.1 billion, excluding excise tax due under the Inflation Reduction Act of 2022.

These repurchases are part of Apple's capital return program, which includes share repurchases and dividends, aimed at returning excess cash to shareholders.",,[2022Q3-2023-Q3 AAPL.pdf],"[2022 Q3 AAPL.pdf, 2023 Q1 AAPL.pdf, 2023 Q2 AAPL.pdf, 2023 Q3 AAPL.pdf]",204,,,
8,,What is the effective tax rate reported by Apple in these quarters and how does it compare across the periods?,"The effective tax rates reported by Apple in the provided quarters are as follows:

- For the quarter ended June 25, 2022, the effective tax rate was 15.7%.
  
- For the quarter ended December 31, 2022, the effective tax rate was 15.8%.

- For the quarter ended April 1, 2023, the effective tax rate was 14.9%.

- For the quarter ended July 1, 2023, the effective tax rate was 12.5%.

Comparing across the periods, the effective tax rate decreased from 15.7% in the quarter ended June 25, 2022, to 12.5% in the quarter ended July 1, 2023.",,[2022Q3-2023-Q3 AAPL.pdf],"[2022 Q3 AAPL.pdf, 2023 Q1 AAPL.pdf, 2023 Q2 AAPL.pdf, 2023 Q3 AAPL.pdf]",93,,,
9,,"Has Microsoft partaken in any substantial stock buyback programs in the reported quarters, and what are the economic consequences of these actions?","Yes, Microsoft has partaken in substantial stock buyback programs in the reported quarters. In the 2022 Q3, it is mentioned that as of October 20, 2022, $36.1 billion remained of the $60.0 billion share repurchase program approved on September 14, 2021. In the 2023 Q1, as of January 19, 2023, $31.5 billion remained of this share repurchase program. In the 2023 Q2, as of April 20, 2023, $18.7 billion remained of the share repurchase program. Finally, in the 2023 Q3, it is stated that as of October 19, 2023, Microsoft completed its acquisition of Activision Blizzard, Inc. and that $18.7 billion remained of the $60.0 billion share repurchase program.

The economic consequences of these stock buyback programs include a reduction in the number of outstanding shares, which can lead to an increase in earnings per share (EPS) and potentially increase the stock price due to the perceived increased value of each share. Additionally, buybacks can be viewed as a signal that the company believes its stock is undervalued and can be a way to return value to shareholders.",,,"[2022 Q3 MSFT.pdf, 2023 Q1 MSFT.pdf, 2023 Q2 MSFT.pdf, 2023 Q3 MSFT.pdf]",177,,,
10,,Are there any substantial alterations in Microsoft's debt configuration or interest expenses over these quarters?,"Yes, there have been substantial alterations in Microsoft's debt configuration and interest expenses over these quarters. Specifically:

1. The 2022 Q3 document, it is mentioned that as of June 30, 2022, Microsoft had no commercial paper issued or outstanding. However, in the 2023 Q1 document, it is noted that as of December 31, 2022, Microsoft had $18.7 billion of commercial paper issued and outstanding, with a weighted average interest rate of 5.4% and maturities ranging from 7 days to 190 days.

2. In the ""2023 Q2 MSFT.pdf"" document, it is stated that as of March 31, 2023, Microsoft had $25.8 billion of commercial paper issued and outstanding, with a weighted average interest rate of 5.4% and maturities ranging from 7 days to 190 days.

3. In the ""2023 Q3 MSFT.pdf"" document, it is indicated that as of September 30, 2023, Microsoft had short-term debt of $25.8 billion, which consists of commercial paper.

4. Regarding interest expenses, in 2022 Q3, Microsoft reports interest expense of $500 million for the quarter ended September 30, 2022. In 2023 Q1, Microsoft shows an interest expense of $496 million for the quarter ended December 31, 2022. The document from 2023 Q2 reports an interest expense of $496 million for the quarter ended March 31, 2023. Finally, the 2023 Q3 document shows an interest expense of $525 million for the quarter ended September 30, 2023.

These documents collectively indicate that there was an introduction of commercial paper in Microsoft's debt configuration after June 30, 2022, and an increase in interest expense by the quarter ended September 30, 2023.",,,"[2022 Q3 MSFT.pdf, 2023 Q1 MSFT.pdf, 2023 Q2 MSFT.pdf, 2023 Q3 MSFT.pdf]",257,,,
11,,What effective tax rate has Microsoft reported in these quarters and how does it differ from period to period?,"Microsoft reported the following effective tax rates for the quarters:

- For the quarter ended September 30, 2022, the effective tax rate was 19%.
  
- For the quarter ended December 31, 2022, the effective tax rate was 19% for the three months and 19% for the six months.

- For the quarter ended March 31, 2023, the effective tax rate was 19% for the three months and 19% for the nine months.

- For the quarter ended September 30, 2023, the effective tax rate was 18%.

The effective tax rate remained consistent at 19% for the quarters ended December 31, 2022, and March 31, 2023, for both the three-month and extended periods. However, there was a slight decrease to 18% for the quarter ended September 30, 2023.",,,"[2022 Q3 MSFT.pdf, 2023 Q1 MSFT.pdf, 2023 Q2 MSFT.pdf, 2023 Q3 MSFT.pdf]",123,,,
12,,"In what ways have Microsoft's inventory levels shifted during these quarters, and what does this suggest about their management of the supply chain?","During the quarters presented, Microsoft's inventory levels have shown fluctuations:

- In Q3 2022, the inventory was $3,742 million 
- In Q1 2023, the inventory decreased to $2,500 million 
- In Q2 2023, the inventory slightly increased to $2,877 million 
- In Q3 2023, the inventory further increased to $3,000 million 

The decrease in inventory from Q3 2022 to Q1 2023 suggests that Microsoft effectively managed its supply chain, possibly by reducing excess stock or improving inventory turnover. The subsequent increases in Q2 2023 and Q3 2023 could indicate a buildup of inventory in anticipation of higher demand, new product launches, or as a buffer against supply chain uncertainties.",,,"[2022 Q3 MSFT.pdf, 2023 Q1 MSFT.pdf, 2023 Q2 MSFT.pdf, 2023 Q3 MSFT.pdf]",108,,,
13,,Outline the risk elements associated with Microsoft's business and the evolution of these risks over the reporting timeframe.,"The risk elements associated with Microsoft's business and their evolution over the reporting timeframe are as follows:

1. Dynamic and Highly Competitive Industry: Microsoft operates in a rapidly changing industry characterized by frequent technological and business model changes. This requires continuous innovation and adaptation to maintain competitiveness.

2. Economic Conditions: Microsoft's performance is influenced by global macroeconomic factors, which can affect demand for its products and services.

3. Foreign Currency Risk: A significant portion of Microsoft's revenue and expenses are denominated in currencies other than the U.S. dollar, making it susceptible to foreign exchange rate fluctuations.

4. Manufacturing and Supply Chain: Microsoft relies on third-party manufacturers and a limited number of suppliers for components, which can lead to disruptions if these vendors fail to meet requirements or face extended disruptions.

5. Regulatory Compliance and Litigation: Microsoft is subject to various legal proceedings and claims, as well as compliance with laws and regulations worldwide, which can result in financial liabilities and impact business operations.

6. Taxation: Microsoft's tax obligations are influenced by many factors, including changes in tax laws, regulations, and interpretations in multiple jurisdictions.

Evolution of Risks:

- The competitive landscape has remained a consistent risk, with the need for innovation and adaptation continuing to be a key focus.
- Economic conditions have been highlighted as a risk, with specific mention of the correlation between Microsoft's performance and global macroeconomic factors.
- Foreign currency risk has been consistently reported, with the company's significant international operations exposing it to exchange rate volatility.
- Manufacturing and supply chain risks have been noted, particularly the reliance on third-party manufacturers and the limited number of suppliers for certain components.
- Regulatory compliance and litigation risks have evolved, with new legal proceedings and the potential impact of regulatory changes being reported.
- Taxation risks have been detailed, with the company facing challenges related to audits, transfer pricing, and changes in tax laws and regulations.

Throughout the reporting timeframe, Microsoft has consistently identified these risks and has taken steps to manage and mitigate their potential impact on the business.",,,"[2022 Q3 MSFT.pdf, 2023 Q1 MSFT.pdf, 2023 Q2 MSFT.pdf, 2023 Q3 MSFT.pdf]",329,,,
14,,How has NVIDIA's total net sales trended over time?,"NVIDIA's total net sales have shown the following trend over time:

- For the quarterly period ended October 30, 2022, the total net sales were $5,931 million.
- For the quarterly period ended April 30, 2023, the total net sales increased to $7,192 million.
- For the quarterly period ended July 30, 2023, the total net sales further increased to $13,507 million.
- For the quarterly period ended October 29, 2023, the total net sales reached $18,120 million.

This trend indicates a significant increase in NVIDIA's total net sales over the observed periods.",,,"[2022 Q3 NVDA.pdf, 2023 Q1 NVDA.pdf, 2023 Q2 NVDA.pdf, 2023 Q3 NVDA.pdf]",88,,,
15,,"Has there been a considerable shift in NVIDIA's operating costs over the reported quarters? If so, what are the main causes for this shift?","Yes, there has been a considerable shift in NVIDIA's operating costs over the reported quarters. The main causes for this shift include:

1. Acquisition Termination Cost: In the first quarter of fiscal year 2023, NVIDIA recorded an acquisition termination cost of $1.35 billion due to the termination of the Share Purchase Agreement whereby NVIDIA would have acquired Arm Limited from SoftBank. This one-time cost significantly impacted operating expenses for that period.

2. Stock-Based Compensation Expense: NVIDIA has experienced increases in stock-based compensation expenses, which are a part of operating expenses. For example, the stock-based compensation expense was $745 million in the third quarter of fiscal year 2022, and it increased to $979 million in the third quarter of fiscal year 2024.

3. Research and Development: There has been an increase in research and development expenses, which is a key component of operating expenses. For instance, research and development expenses were $1,945 million in the third quarter of fiscal year 2023 and increased to $2,294 million in the third quarter of fiscal year 2024.

4. Sales, General and Administrative Expenses: These expenses have also seen an increase. For example, they were $631 million in the third quarter of fiscal year 2023 and rose to $689 million in the third quarter of fiscal year 2024.

These factors contribute to the overall shift in NVIDIA's operating costs across the reported quarters.",,,"[2022 Q3 NVDA.pdf, 2023 Q1 NVDA.pdf, 2023 Q2 NVDA.pdf, 2023 Q3 NVDA.pdf]",223,,,
16,,Can any consistent trends be identified in NVIDIA's Data Center segment revenue across the reported periods?,"Yes, consistent trends can be identified in NVIDIA's Data Center segment revenue across the reported periods. The Data Center segment revenue has shown growth over the reported periods. Specifically:

- For the quarter ended October 30, 2022, the Data Center revenue was $3.83 billion.
- For the quarter ended April 30, 2023, the Data Center revenue increased to $4.28 billion.
- For the quarter ended July 30, 2023, the Data Center revenue further increased to $10.32 billion.
- For the quarter ended October 29, 2023, the Data Center revenue reached $14.51 billion.

This indicates a consistent upward trend in NVIDIA's Data Center segment revenue over the reported periods.
",,,"[2022 Q3 NVDA.pdf, 2023 Q1 NVDA.pdf, 2023 Q2 NVDA.pdf, 2023 Q3 NVDA.pdf]",103,,,
17,,What role have foreign exchange rates played in NVIDIA's financial outcomes? Please provide a breakdown for each reporting period.,"For the reporting period ending October 30, 2022, NVIDIA mentioned that the impact of foreign currency transactions related to foreign exchange rate risk was not significant for the third quarter and first nine months of fiscal year 2023.

For the reporting period ending April 30, 2023, NVIDIA stated that there had been no material changes to the foreign exchange rate risks described as of January 29, 2023.

For the reporting period ending July 30, 2023, NVIDIA again reported that there had been no material changes to the foreign exchange rate risks described as of January 29, 2023.

For the reporting period ending October 29, 2023, NVIDIA did not provide specific details regarding the impact of foreign exchange rates on their financial outcomes in the provided context.",,,"[2022 Q3 NVDA.pdf, 2023 Q1 NVDA.pdf, 2023 Q2 NVDA.pdf, 2023 Q3 NVDA.pdf]",123,,,
18,,What are the key changes in NVIDIA's liquidity status or cash flows as disclosed in these quarterly reports?,"In the 2022 Q3 report, NVIDIA's cash, cash equivalents, and marketable securities were reported as $20.34 billion, with a year-over-year decrease reflecting $8.04 billion in stock repurchases, partially offset by operating cash flow generation. The company returned $99 million to shareholders in the form of cash dividends.

In the 2023 Q1 report, cash, cash equivalents, and marketable securities increased to $15.32 billion, up from $13.30 billion a quarter ago, primarily due to operating cash flow generation. The company continued to return cash to shareholders through dividends, paying out $99 million during the first quarter.

In the 2023 Q2 report, NVIDIA's cash, cash equivalents, and marketable securities further increased to $15.55 billion. The company repurchased 7.5 million shares for $3.28 billion and paid $99 million in cash dividends during the second quarter.

In the 2023 Q3 report, the cash, cash equivalents, and marketable securities grew to $18.28 billion. The company repurchased 8.3 million shares for $3.72 billion and paid $99 million in dividends during the third quarter. Additionally, the company mentioned that it expects sales to China and other affected destinations to decline significantly in the fourth quarter of fiscal year 2024 due to new USG licensing requirements, although this decline is anticipated to be more than offset by strong growth in demand from other regions.

Overall, NVIDIA's liquidity has shown an increasing trend across the quarters, with significant cash flow generation and continued return of capital to shareholders through share repurchases and dividend payments. However, there is an expectation of a decline in sales to certain regions due to new export restrictions, which may impact future liquidity status and cash flows.",,,"[2022 Q3 NVDA.pdf, 2023 Q1 NVDA.pdf, 2023 Q2 NVDA.pdf, 2023 Q3 NVDA.pdf]",267,,,
19,,"Comparing the most recent quarter to previous ones, how has NVIDIA's investment in research and development changed and what might be the implications?","In the most recent quarter ended October 29, 2023, NVIDIA's investment in research and development (R&D) was $2.294 billion, as stated in the ""Condensed Consolidated Statements of Income"" within the 2023 Q3. Comparing this to the previous quarters:

- In the quarter ended July 30, 2023, R&D expenses were $2.040 billion.
- In the quarter ended April 30, 2023, R&D expenses were $1.875 billion.
- In the quarter ended October 30, 2022, R&D expenses were $1.945 billion.

The R&D investment has increased each quarter, from $1.945 billion in the quarter ended October 30, 2022, to $2.294 billion in the most recent quarter ended October 29, 2023. This indicates a continued and growing commitment by NVIDIA to innovate and develop new technologies, which could have implications such as the introduction of new products, the enhancement of existing products, and potentially maintaining or improving NVIDIA's competitive position in the market.",,,"[2022 Q3 NVDA.pdf, 2023 Q1 NVDA.pdf, 2023 Q2 NVDA.pdf, 2023 Q3 NVDA.pdf]",144,,,
20,,"What legal proceedings or uncertainties are presented in NVIDIA's quarterly reports, and how might they potentially affect the company?","NVIDIA's quarterly reports mention several legal proceedings, specifically securities class action and derivative lawsuits. These include the putative securities class action lawsuit captioned 4:18-cv-07669-HSG, initially filed on December 21, 2018, in the United States District Court for the Northern District of California, titled In Re NVIDIA Corporation Securities Litigation. The lawsuit alleges that NVIDIA and certain executives violated the Securities Exchange Act by making false or misleading statements related to channel inventory and the impact of cryptocurrency mining on GPU demand. The district court dismissed the complaint, but the decision was partially reversed by the Ninth Circuit Court of Appeals. NVIDIA's petition for rehearing was denied by the Ninth Circuit.

Additionally, there are derivative lawsuits pending in the United States District Court for the Northern District of California and the United States District Court for the District of Delaware, asserting claims against certain officers and directors for breach of fiduciary duty and other violations based on similar allegations of false and misleading statements. A new derivative action was also filed on October 30, 2023, in the Court of Chancery of the State of Delaware.

NVIDIA has not recorded any accrual for contingent liabilities associated with these legal proceedings, based on the belief that liabilities, while possible, are not probable. However, the company acknowledges that any possible loss or range of loss cannot be reasonably estimated at this time. The ultimate outcome of these actions could potentially affect NVIDIA's operating results, liquidity, or financial position if liabilities are determined to be probable and estimable in the future.",,,"[2022 Q3 NVDA.pdf, 2023 Q1 NVDA.pdf, 2023 Q2 NVDA.pdf, 2023 Q3 NVDA.pdf]",254,,,
21,,"How have NVIDIA's inventory levels changed during these quarters, and what might this indicate regarding their supply chain management?","NVIDIA's inventory levels have shown fluctuations over the reported quarters:

- As of October 30, 2022, the inventory was reported at $4,454 million.
- As of April 30, 2023, the inventory decreased to $4,319 million.
- As of July 30, 2023, the inventory slightly decreased to $4,319 million.
- As of October 29, 2023, the inventory increased to $4,779 million.

The changes in inventory levels indicate that NVIDIA has been actively managing its inventory in response to demand and supply chain conditions. The initial decrease from October 2022 to April 2023 could suggest efforts to align inventory with demand or improve supply chain efficiency. The slight decrease by July 2023 indicates a continued trend of managing inventory closely. However, the increase in inventory by October 2023 suggests that NVIDIA may be anticipating higher demand or facing supply chain challenges that require holding more inventory. This could also be a strategic move to secure components amidst global supply chain uncertainties.",,,"[2022 Q3 NVDA.pdf, 2023 Q1 NVDA.pdf, 2023 Q2 NVDA.pdf, 2023 Q3 NVDA.pdf]",154,,,
22,,"Summarize the risk factors to NVIDIA's business, and describe how they have transformed throughout the reporting period.","Risk factors to NVIDIA's business include:

1. Demand and Supply: NVIDIA's ability to meet demand is affected by long manufacturing lead times and complex product transitions. The company faces risks in securing sufficient capacity and managing inventory levels to meet demand, which may lead to inventory provisions or impairments.

2. Product Transitions: The complexity of transitioning to new product architectures can impact demand forecasting and supply mix. This includes challenges in product qualification, potential quality issues, and the timing of customer purchases.

3. New Products and Business Models: NVIDIA's expansion into new use cases, applications, and services, such as AI models and cloud services, involves uncertainties in demand estimation and revenue generation.

4. Global Trade: USG licensing requirements and export controls, particularly those affecting China, have impacted and may continue to impact NVIDIA's ability to sell certain products in key markets, potentially reducing revenue.

5. Macroeconomic Factors: Inflation, interest rates, market volatility, and geopolitical developments can affect supply chain costs, employee wages, and the value of investments.

6. Legal Proceedings: NVIDIA is involved in legal actions, including securities class action and derivative lawsuits related to alleged false or misleading statements about channel inventory and cryptocurrency mining GPU demand. The outcomes of these proceedings could impact the company's financial position.

Throughout the reporting period, these risk factors have evolved, with an increased emphasis on the impact of global trade restrictions and the challenges associated with rapid growth in data center demand. NVIDIA has also highlighted the potential decline in sales to China due to new USG licensing requirements as a significant risk factor in the most recent reporting period.
",,,"[2022 Q3 NVDA.pdf, 2023 Q1 NVDA.pdf, 2023 Q2 NVDA.pdf, 2023 Q3 NVDA.pdf]",261,,,
23,,How has Intel's total net sales fluctuated over historical periods?,"Intel's total net sales have fluctuated as follows over the historical periods:

- For the quarterly period ended October 1, 2022, the total net revenue was $15.3 billion.
  
- For the quarterly period ended April 1, 2023, the total net revenue was $11.7 billion.

- For the quarterly period ended July 1, 2023, the total net revenue was $12.9 billion.

- For the quarterly period ended September 30, 2023, the total net revenue was $14.2 billion.

From these figures, we can observe that Intel's total net sales decreased from $15.3 billion in Q3 2022 to $11.7 billion in Q1 2023. There was an increase to $12.9 billion in Q2 2023, followed by another increase to $14.2 billion in Q3 2023.",,,"[2022 Q3 INTC.pdf, 2023 Q1 INTC.pdf, 2023 Q2 INTC.pdf, 2023 Q3 INTC.pdf]",116,,,
24,,What are the significant factors that have led to changes in Intel's gross margin in the latest 10-Q relative to past quarters?,"In the latest 10-Q for the quarter ended September 30, 2023, the significant factors that have led to changes in Intel's gross margin relative to past quarters include lower revenue, higher unit cost, and partially offset by a decrease in period charges. Specifically, the gross margin was impacted by lower revenue in the Client Computing Group (CCG), Data Center and AI (DCAI), and Network and Edge (NEX) segments. Additionally, there was a higher unit cost, partially offset by a decrease in period charges.

For comparison, in the previous quarters, the gross margin was also affected by similar factors such as lower revenue and higher unit costs, along with other specific one-time charges. For instance, in Q2 2022, there was an inventory impairment charge related to the wind-down of the Intel Optane memory business and a patent settlement charge, both of which were excluded from non-GAAP results.
",,,"[2022 Q3 INTC.pdf, 2023 Q1 INTC.pdf, 2023 Q2 INTC.pdf, 2023 Q3 INTC.pdf]",145,,,
25,,"Has there been a substantial shift in Intel's operating expenses over the reported quarters? If so, what have been the driving factors?","Yes, there has been a substantial shift in Intel's operating expenses over the reported quarters. The driving factors include:

1. In Q3 2022, operating expenses were $6,710 million, with restructuring and other charges amounting to $664 million, which included an inventory impairment of $559 million related to the wind-down of the IntelÂ® Optaneâ„¢ memory business.
   
2. In Q1 2023, operating expenses decreased to $5,476 million, with restructuring and other charges of $64 million.

3. In Q2 2023, operating expenses increased to $5,654 million, with restructuring and other charges of $200 million.

4. In Q3 2023, operating expenses decreased slightly to $6,026 million, but restructuring and other charges significantly increased to $816 million, which included a $401 million charge for an EC-imposed fine and a $353 million charge related to the termination of the agreement to acquire Tower Semiconductor.

The fluctuations in operating expenses are attributed to changes in research and development costs, marketing, general and administrative expenses, and significant restructuring charges, including inventory impairments, legal settlements, and charges related to the termination of business agreements.
",,,"[2022 Q3 INTC.pdf, 2023 Q1 INTC.pdf, 2023 Q2 INTC.pdf, 2023 Q3 INTC.pdf]",171,,,
26,,How has Intel's revenue from chip sales seen variations across the quarters?,"Intel's revenue from chip sales has seen the following variations across the quarters:

- In Q3 2022, the total revenue was $15.3 billion.
- In Q1 2023, the total revenue decreased to $11.7 billion.
- In Q2 2023, the total revenue was $12.9 billion.
- In Q3 2023, the total revenue further decreased to $14.2 billion.

These figures indicate fluctuations in Intel's revenue from chip sales, with a notable decrease from Q3 2022 to Q1 2023, a slight increase in Q2 2023, and then a decrease again in Q3 2023.
",,,"[2022 Q3 INTC.pdf, 2023 Q1 INTC.pdf, 2023 Q2 INTC.pdf, 2023 Q3 INTC.pdf]",85,,,
27,,Are there identifiable trends in Intel's Data Center Group or IoT segment revenues over the reported periods?,"Based on the provided documents, there is a trend of decreasing revenue in Intel's Data Center and AI (DCAI) operating segment over the reported periods:

- In Q3 2022, the DCAI revenue was $4.255 billion.
- In Q1 2023, the DCAI revenue decreased to $3.7 billion.
- In Q2 2023, the DCAI revenue further decreased to $3.814 billion.
- In Q3 2023, the DCAI revenue continued to decrease to $3.814 billion.

This indicates a consistent downward trend in the DCAI segment's revenue across the reported periods.

Regarding the IoT segment, it is not explicitly mentioned in the provided documents. However, the Network and Edge (NEX) operating segment, which may include IoT-related revenues, also shows a decreasing trend:

- In Q3 2022, the NEX revenue was $2.133 billion.
- In Q1 2023, the NEX revenue decreased to $1.5 billion.
- In Q2 2023, the NEX revenue further decreased to $1.450 billion.
- In Q3 2023, the NEX revenue continued to decrease to $1.450 billion.

This indicates a consistent downward trend in the NEX segment's revenue across the reported periods.",,,"[2023 Q1 INTC.pdf, 2023 Q2 INTC.pdf, 2023 Q3 INTC.pdf]",167,,,
28,,"How does Intel's research and development spending in the most recent quarter compare to previous quarters, and what could be the potential impacts?","In the most recent quarter, which ended on September 30, 2023, Intel Corporation reported research and development (R&D) expenses of $3.870 billion. Comparing this to previous quarters:

- In the quarter ended July 1, 2023, R&D expenses were $4.080 billion.
- In the quarter ended April 1, 2023, R&D expenses were $4.109 billion.
- In the quarter ended October 1, 2022, R&D expenses were $4.302 billion.

The R&D spending in the most recent quarter has decreased compared to the previous quarters. This reduction in R&D expenses could potentially impact Intel's ability to innovate and develop new technologies, which may affect its competitive position in the long term. However, it could also be a part of cost management strategies to improve operational efficiency and profitability.",,,"[2022 Q3 INTC.pdf, 2023 Q1 INTC.pdf, 2023 Q2 INTC.pdf, 2023 Q3 INTC.pdf]",120,,,
29,,"What legal proceedings or potential liabilities have been disclosed in Intel's 10-Qs, and how might they impact the company?","Intel's 10-Q filings disclose several legal proceedings and potential liabilities that could impact the company:

1. European Commission Competition Matter: Intel was found to have used unfair business practices in 2009, resulting in a â‚¬1.1 billion fine, which was annulled in January 2022. The EC appealed the annulment, and Intel may be obligated to pay approximately â‚¬593 million in default interest if the appeal is unsuccessful. The EC reopened its administrative procedure to determine a fine against Intel based on alleged conduct not annulled by the General Court.

2. Litigation Related to Security Vulnerabilities: Intel faces multiple lawsuits related to the ""Spectre"" and ""Meltdown"" security vulnerabilities identified in 2017. Plaintiffs claim to have been harmed by Intel's actions and/or omissions and assert various common law and statutory claims seeking monetary damages and equitable relief.

3. Litigation Related to 7 nm Product Delay Announcement: Following Intel's announcement of 7nm product delays in July 2020, multiple securities class action lawsuits were filed against Intel and certain officers. Plaintiffs allege that defendants violated federal securities laws by making false or misleading statements about the timeline for 7nm products.

4. Litigation Related to Patent and IP Claims: Intel is involved in IP infringement lawsuits, including those filed by VLSI Technology LLC, which involve claims that certain Intel products infringe others' IP rights. Adverse results could include substantial fines, penalties, costly royalty or licensing agreements, or orders preventing Intel from offering certain products or services.

5. EC-Imposed Fine: In the third quarter of 2023, Intel was charged a $401 million fine by the EC for an unspecified reason.

6. Termination of Agreement with Tower Semiconductor: Intel mutually agreed with Tower to terminate the acquisition agreement due to the inability to obtain required regulatory approvals in a timely manner, resulting in a $353 million termination fee charged to Intel in the third quarter of 2023.

These legal proceedings and potential liabilities could materially impact Intel's financial position, results of operations, cash flows, or overall trends. Unfavorable outcomes could result in substantial monetary damages, fines, or penalties, costly royalty or licensing agreements, or orders preventing Intel from selling certain products or engaging in certain business practices. Additionally, settlements could involve substantial payments.

Intel has accrued a charge of approximately $2.2 billion related to the VLSI litigation and has disclosed that while it disputes the claims and intends to defend against them vigorously, it cannot make a reasonable estimate of potential losses in excess of recorded amounts due to recent developments and future proceedings.",,,"[2022 Q3 INTC.pdf, 2023 Q1 INTC.pdf, 2023 Q2 INTC.pdf, 2023 Q3 INTC.pdf]",408,,,
30,,Are there any significant alterations in Intel's debt structure or interest costs over these quarters?,"Yes, there have been alterations in Intel's debt structure and interest costs over these quarters. Specifically:

1. In the first quarter of 2023, Intel issued a total of $11.0 billion aggregate principal amount of senior notes and amended its revolving credit facility agreements, extending the maturity dates.

2. In the third quarter of 2023, Intel remarketed $423 million aggregate principal amount of bonds and continued to have no borrowings outstanding under its revolving credit facilities. The company also settled in cash $3.9 billion of its commercial paper and had no outstanding commercial paper as of September 30, 2023.

3. Regarding interest costs, Intel capitalized $395 million in interest in the third quarter of 2023, which is part of the total $1.1 billion capitalized in the first nine months of 2023. This is an increase from the $220 million capitalized in the third quarter of 2022 and the $516 million in the first nine months of 2022.

These changes indicate a significant management of debt and interest costs within the observed quarters.
",,,"[2023 Q1 INTC.pdf, 2023 Q3 INTC.pdf]",167,,,
31,,Does Apple report any significant new business acquisitions or divestitures in these 10-Qs?,"No, Apple does not report any significant new business acquisitions or divestitures in the provided 10-Q documents.",,,"[2022 Q3 AAPL.pdf, 2023 Q1 AAPL.pdf, 2023 Q2 AAPL.pdf, 2023 Q3 AAPL.pdf]",17,,,
32,,How have Apple's inventory levels changed across these quarters and what might this indicate about their supply chain management?,"Apple's inventory levels have changed as follows across the quarters:

- As of June 25, 2022, the inventory level was $6,580 million.
- As of December 31, 2022, the inventory level increased to $6,820 million.
- As of April 1, 2023, the inventory level further increased to $7,482 million.
- As of July 1, 2023, the inventory level slightly decreased to $7,351 million.

The increase in inventory levels from June 25, 2022, to April 1, 2023, could indicate that Apple has been building up its inventory, possibly in anticipation of increased demand, new product launches, or as a strategy to mitigate potential supply chain disruptions. The slight decrease in inventory levels by July 1, 2023, might suggest that Apple has started to sell through its inventory, possibly due to successful sales or adjustments in production to align with demand.

These changes could indicate proactive supply chain management, where Apple is adjusting its inventory levels in response to anticipated market conditions, product lifecycle stages, or to ensure product availability amidst global supply chain challenges.",,,"[2022 Q3 AAPL.pdf, 2023 Q1 AAPL.pdf, 2023 Q2 AAPL.pdf, 2023 Q3 AAPL.pdf]",167,,,
33,,Are there any significant changes or new disclosures in Apple's accounting policies as reported in these 10-Qs?,"No, there are no significant changes or new disclosures in Apple's accounting policies as reported in these 10-Qs. The notes to the condensed consolidated financial statements in each of the provided 10-Q filings state that there have been no material changes to the Company's critical accounting estimates since the 2022 Form 10-K.",,,"[2023 Q1 AAPL.pdf, 2023 Q2 AAPL.pdf, 2023 Q3 AAPL.pdf]",52,,,
34,,"Summarize the risk factors to Apple's business, and how they have changed over the reporting period","The risk factors to Apple's business have not changed over the reporting period. The risk factors mentioned include various challenges and uncertainties that could potentially affect the company's business, reputation, results of operations, financial condition, and stock price. These risks encompass a wide range of issues such as macroeconomic conditions like inflation, interest rate changes, and currency fluctuations, which can have both direct and indirect impacts on the company's performance. Additionally, legal proceedings and the outcome of litigation, which are inherently uncertain, could also materially affect the company's financial condition and operating results if resolved unfavorably. However, there have been no material changes to these risk factors as per the information provided in the context documents.",,,"[2022 Q3 AAPL.pdf, 2023 Q1 AAPL.pdf, 2023 Q2 AAPL.pdf, 2023 Q3 AAPL.pdf]",116,,,
35,,"Have there been notable fluctuations in Microsoft's operational expenditures during the reported quarters? If so, what have been the principal factors behind these changes?","Yes, there have been notable fluctuations in Microsoft's operational expenditures during the reported quarters. The principal factors behind these changes include:

1. In the first quarter of fiscal year 2023, Microsoft recorded $800 million of employee severance expenses related to workforce reduction as part of an ongoing employee benefit plan. These expenses were included in general and administrative expenses and allocated to segments based on relative gross margin.

2. In the first quarter of fiscal year 2024, Microsoft's effective tax rate decreased primarily due to tax benefits from tax law changes, including the impact from the issuance of Notice 2023-55 by the IRS and U.S. Treasury Department, which delayed the effective date of final foreign tax credit regulations to fiscal year 2024 for Microsoft.

3. Microsoft's investments in infrastructure and devices, which are part of its operational expenditures, continue to increase its operating costs and may decrease its operating margins.

These factors are highlighted in the ""Managementâ€™s Discussion and Analysis of Financial Condition and Results of Operations"" sections of the quarterly reports for the respective periods.",,,"[2022 Q3 MSFT.pdf, 2023 Q1 MSFT.pdf, 2023 Q2 MSFT.pdf, 2023 Q3 MSFT.pdf]",172,,,
36,,How has Microsoft's revenue from Windows or Surface devices varied quarter to quarter?,"The revenue from Windows and Surface devices for Microsoft over the quarters provided in the context documents is as follows:

For Windows:
- In Q3 2022, Windows revenue was $5,313 million.
- In Q1 2023, Windows revenue was $5,567 million.
- In Q3 2023, Windows revenue was $5,567 million.

For Surface (Devices):
- In Q3 2022, Devices revenue was $1,448 million.
- In Q1 2023, Devices revenue was $1,125 million.
- In Q3 2023, Devices revenue decreased by 22% (specific revenue figure not provided in the context).",,,"[2022 Q3 MSFT.pdf, 2023 Q1 MSFT.pdf,2023 Q3 MSFT.pdf]",79,,,
37,,What patterns can be discerned from Microsoft's Cloud Services revenue throughout the reported periods?,"Microsoft's Cloud Services revenue has shown a consistent pattern of growth throughout the reported periods. Specifically:

- In the first quarter of fiscal year 2023, Microsoft Cloud revenue increased 24% to $25.7 billion.
- In the second quarter of fiscal year 2023, Microsoft Cloud revenue increased to $27.1 billion.
- In the third quarter of fiscal year 2023, Microsoft Cloud revenue increased to $31.8 billion.
- In the first quarter of fiscal year 2024, Microsoft Cloud revenue further increased by 24% to $31.8 billion.

This indicates a trend of growth in Microsoft's Cloud Services revenue over the reported periods.",,,"[2022 Q3 MSFT.pdf, 2023 Q1 MSFT.pdf, 2023 Q2 MSFT.pdf, 2023 Q3 MSFT.pdf]",94,,,
38,,What significant movements have been observed in Microsoft's liquidity status or cash flow as per the quarterly reports?,"In the quarterly reports provided, Microsoft's liquidity status and cash flow have shown the following significant movements:

1. Cash and cash equivalents increased from $13,931 million as of June 30, 2022, to $80,452 million as of September 30, 2023.
2. Net cash from operations increased from $23,198 million for the three months ended September 30, 2022, to $30,583 million for the three months ended September 30, 2023.
3. Financing activities showed a net cash used in financing of $(10,883) million for the three months ended September 30, 2022, compared to net cash from financing of $14,761 million for the three months ended September 30, 2023.
4. Investing activities showed a net cash used in investing of $(3,132) million for the three months ended September 30, 2022, compared to net cash from investing of $503 million for the three months ended September 30, 2023.

These movements indicate an overall increase in Microsoft's liquidity and positive cash flow over the period covered by the reports.",,,"[2022 Q3 MSFT.pdf, 2023 Q1 MSFT.pdf, 2023 Q2 MSFT.pdf, 2023 Q3 MSFT.pdf]",158,,,
39,,"How does Microsoft's research and development spending in the latest quarter stack up against prior quarters, and what are the potential repercussions?","In the latest quarter ended September 30, 2023, Microsoft's research and development spending was $6,659 million. Comparing this to prior quarters:

- For the quarter ended June 30, 2023, the spending was $6,984 million.
- For the quarter ended March 31, 2023, the spending was $6,984 million.
- For the quarter ended December 31, 2022, the spending was $6,844 million.
- For the quarter ended September 30, 2022, the spending was $6,628 million.

The research and development spending in the latest quarter has decreased when compared to the immediate past quarter (June 30, 2023) but has increased compared to the same quarter in the previous year (September 30, 2022).

The potential repercussions of the changes in research and development spending could include impacts on the company's ability to innovate and bring new products to market. An increase in spending could indicate a strategic investment in future technologies and products, which could lead to new revenue streams and maintain competitive advantage. Conversely, a decrease might suggest cost optimization efforts but could also impact the company's long-term growth if it leads to a slowdown in innovation.",,,"[2023 Q1 MSFT.pdf, 2023 Q2 MSFT.pdf, 2023 Q3 MSFT.pdf]",178,,,
40,,"What legal actions or potential liabilities are revealed in the quarterly reports, and how could they influence Microsoft?","The quarterly reports reveal the following legal actions or potential liabilities that could influence Microsoft:

1. U.S. Cell Phone Litigation: Microsoft Mobile Oy, a subsidiary of Microsoft, is involved in lawsuits alleging that radio emissions from cellular handsets caused brain tumors and other adverse health effects. The outcome of these cases could potentially have a financial impact on the company if the court rules against Microsoft.

2. Irish Data Protection Commission Matter: The Irish Data Protection Commission (IDPC) is investigating a complaint against LinkedIn regarding whether its targeted advertising practices violated the European Union General Data Protection Regulation (GDPR). A preliminary draft decision by the IDPC proposed a fine, and Microsoft intends to challenge this decision. The final outcome could result in financial penalties and impact business practices.

3. Activision Blizzard Acquisition: Microsoft completed the acquisition of Activision Blizzard, Inc. for $61.8 billion, net of cash acquired. The purchase price allocation is not yet complete, and most of the purchase price is expected to be allocated to goodwill and other identifiable intangible assets. This acquisition could have a significant impact on Microsoft's financial statements and operations.

4. Other Contingencies: Microsoft is subject to various other claims and suits that arise in the ordinary course of business. While management believes these will not have a material adverse impact on the consolidated financial statements, there is inherent uncertainty, and management's view may change in the future.

5. IRS Audit and Notices of Proposed Adjustment (NOPAs): Microsoft is under audit by the IRS for tax years 2014 to 2017 and has received NOPAs for tax years 2004 to 2013, seeking an additional tax payment of $28.9 billion plus penalties and interest. Microsoft disagrees with the proposed adjustments and will contest the NOPAs. The resolution of these tax issues could have a material financial impact.

These legal actions and potential liabilities could influence Microsoft by affecting its financial position, resulting in monetary damages, fines, or requiring changes to business practices. The outcomes of these matters could also impact the company's reputation and future operations.",,,"[2022 Q3 MSFT.pdf, 2023 Q1 MSFT.pdf, 2023 Q2 MSFT.pdf, 2023 Q3 MSFT.pdf]",334,,,
41,,Has Intel reported any significant business acquisitions or divestitures in these quarterly reports?,"Yes, Intel reported significant business acquisitions and divestitures in these quarterly reports. Specifically:

1. In the ""2023 Q1 INTC.pdf"" report, Intel mentioned an agreement to acquire Tower Semiconductor Ltd. in a cash-for-stock transaction, which was expected to advance Intel's IDM 2.0 strategy. The acquisition was subject to regulatory approvals and customary closing conditions.

2. In the ""2023 Q2 INTC.pdf"" report, Intel announced that they mutually agreed with Tower to terminate the agreement to acquire Tower Semiconductor Ltd. due to the inability to obtain regulatory approval in a timely manner. Intel paid a termination fee in accordance with the terms of the agreement.

3. In the ""2023 Q3 INTC.pdf"" report, Intel confirmed the termination of the agreement to acquire Tower Semiconductor Ltd. and mentioned the mutual agreement to terminate due to the inability to obtain required regulatory approvals in a timely manner. Intel also announced a commercial agreement with Tower, where Intel will provide foundry services and manufacturing capacity through its New Mexico facility for 300 mm advanced analog processing.

Additionally, Intel discussed the divestiture of its NAND memory business. The first phase of the agreement with SK hynix Inc. to divest the NAND memory business was closed on December 29, 2021, for $9.0 billion in cash. The transaction is to be completed in two closings, with the first closing having occurred in the first quarter of 2022 and the second closing expected to be no earlier than March 2025.",,,"[2023 Q1 INTC.pdf, 2023 Q2 INTC.pdf, 2023 Q3 INTC.pdf]",235,,,
42,,"How have inventory levels at Intel changed over these quarters, and what might this suggest about their supply chain strategies?","Over the quarters provided in the context, Intel's inventory levels have shown fluctuations:

- In Q3 2022, the inventory level was $13.224 billion.
- In Q1 2023, the inventory level decreased to $12.993 billion.
- In Q2 2023, the inventory level further decreased to $11.984 billion.
- In Q3 2023, the inventory level slightly increased to $11.466 billion.

The decrease in inventory levels from Q3 2022 to Q2 2023 suggests that Intel may have been adjusting its supply chain strategies to align with current demand, possibly reducing production or improving inventory turnover to avoid overstocking. The slight increase in inventory in Q3 2023 could indicate a strategic buildup in anticipation of increased demand or as a buffer against supply chain uncertainties.",,,"[2023 Q1 INTC.pdf, 2023 Q2 INTC.pdf, 2023 Q3 INTC.pdf]",116,,,
43,,"Outline the risk factors for Intel's business, and how they have evolved over the reporting periods.","The risk factors for Intel's business as outlined in the provided documents include:

1. Changes in demand for Intel's products.
2. Changes in product mix.
3. Complexity and fixed cost nature of manufacturing operations.
4. High level of competition and rapid technological change in the industry.
5. Significant upfront investments in R&D, business, products, technologies, and manufacturing capabilities.
6. Vulnerability to new product development and manufacturing-related risks, including product defects or errata.
7. Risks associated with a highly complex global supply chain, including disruptions, delays, trade tensions, or shortages.
8. Sales-related risks, including customer concentration and the use of distributors and other third parties.
9. Potential security vulnerabilities in Intel's products.
10. Cybersecurity and privacy risks.
11. Investment and transaction risk.
12. IP risks and risks associated with litigation and regulatory proceedings.
13. Evolving regulatory and legal requirements across many jurisdictions.
14. Geopolitical and international trade conditions.
15. Debt obligations and the ability to access sources of capital.
16. Risks of large scale global operations.
17. Macroeconomic conditions, including regional or global downturns or recessions.
18. Impacts of the COVID-19 pandemic or similar events.
19. Other risks and uncertainties that may affect Intel's business.

Over the reporting periods, these risk factors have evolved to include specific geopolitical tensions, such as the impacts of Russia's war on Ukraine, recent events in Israel, and rising tensions between the US and China. Additionally, there is mention of Intel's relationships with certain sanctioned parties, indicating a potential impact from global sanctions and trade restrictions.

Intel's risk factors have also been updated to reflect the current macroeconomic environment, including persistent inflation and higher interest rates, which were specifically mentioned in the 2023 Q1 INTC.pdf document. The risk factors related to the COVID-19 pandemic have also been updated over time to reflect the ongoing and future responses to the pandemic's effects.

Overall, while the core risk factors have remained consistent, their descriptions have been updated to reflect the changing global economic, political, and health landscapes.",,,"[ 2022 Q3 INTC.pdf, 2023 Q1 INTC.pdf, 2023 Q2 INTC.pdf, 2023 Q3 INTC.pdf]",307,,,
44,,How has Amazon's total net sales changed over time?,"Amazon's total net sales have changed over time as follows:

- For the quarterly period ended September 30, 2022, the total net sales were $127,101 million.
- For the quarterly period ended March 31, 2023, the total net sales were $127,358 million.
- For the quarterly period ended June 30, 2023, the total net sales were $134,383 million.
- For the quarterly period ended September 30, 2023, the total net sales were $143,083 million.

This indicates a consistent increase in total net sales over the observed periods.",,,"[2022 Q3 AMZN.pdf, 2023 Q1 AMZN.pdf, 2023 Q2 AMZN.pdf, 2023 Q3 AMZN.pdf]",82,,,
45,,What are the major factors contributing to the change in Amazon's gross margin in the most recent 10-Q compared to the previous quarters?,"The major factors contributing to the change in Amazon's gross margin in the most recent 10-Q compared to the previous quarters include:

1. Macroeconomic factors, including inflation, increased interest rates, significant capital market and supply chain volatility, and global economic and geopolitical developments, which have direct and indirect impacts on the results of operations that are difficult to isolate and quantify.

2. Rising fuel, utility, and food costs, rising interest rates, and recessionary fears which may impact customer demand and the ability to forecast consumer spending patterns.

3. The current macroeconomic environment and enterprise customer cost optimization efforts impacting AWS revenue growth rates.

4. Changes in foreign exchange rates, which reduced net sales and cost of sales.

5. Increased product and shipping costs resulting from increased sales, partially offset by fulfillment network efficiencies.

6. Increased payroll and related expenses for personnel engaged in marketing and selling activities.

7. Increased payroll and related costs associated with technical teams responsible for expanding existing products and services and initiatives to introduce new products and service offerings, and an increase in spending on technology infrastructure.

8. Changes in the mix of products and services sold to customers and the mix of net sales derived from products as compared with services.

These factors are mentioned across the provided quarterly reports (2022 Q3, 2023 Q1, 2023 Q2, and 2023 Q3) in the ""Managements Discussion and Analysis of Financial Condition and Results of Operations"" sections.",,,"[2022 Q3 AMZN.pdf, 2023 Q1 AMZN.pdf, 2023 Q2 AMZN.pdf, 2023 Q3 AMZN.pdf]",229,,,
46,,"Has there been any significant change in Amazon's operating expenses over the reported quarters? If so, what are the key drivers for this change?","Yes, there has been a significant change in Amazon's operating expenses over the reported quarters. The key drivers for this change include:

1. Increased payroll and related expenses for personnel engaged in marketing and selling activities, as well as technical teams responsible for expanding existing products and services and initiatives to introduce new products and service offerings.
2. Increased spending on technology infrastructure, primarily driven by additional investments to support AWS business growth.
3. Increased product and shipping costs resulting from increased sales, partially offset by fulfillment network efficiencies.
4. Impairments of property and equipment and operating leases primarily related to physical stores and fulfillment network facilities.
5. Estimated severance costs primarily related to planned role eliminations.

These factors are reflected in the various components of operating expenses, such as cost of sales, fulfillment, technology and content (or technology and infrastructure), sales and marketing, and general and administrative costs.",,,"[2022 Q3 AMZN.pdf, 2023 Q1 AMZN.pdf, 2023 Q2 AMZN.pdf, 2023 Q3 AMZN.pdf]",143,,,
47,,How has Amazon's revenue from online retail services fluctuated across quarters?,"Amazon's revenue from online retail services, referred to as ""Net Sales: Online stores"" in their financial statements, has fluctuated across quarters as follows:

- For the quarter ended September 30, 2022, the revenue was $59,340 million.
- For the quarter ended March 31, 2023, the revenue was $56,455 million.
- For the quarter ended June 30, 2023, the revenue was $56,575 million.
- For the quarter ended September 30, 2023, the revenue was $63,171 million.

This data indicates a decrease in revenue from Q3 2022 to Q1 2023, a slight increase in Q2 2023, and then a more significant increase in Q3 2023.",,,"[2022 Q3 AMZN.pdf, 2023 Q1 AMZN.pdf, 2023 Q2 AMZN.pdf, 2023 Q3 AMZN.pdf]",98,,,
48,,Can any trends be identified in Amazon's AWS (Amazon Web Services) segment revenue over the reported periods?,"Yes, trends can be identified in Amazon's AWS segment revenue over the reported periods. The AWS segment revenue has shown growth as follows:

- For the three months ended September 30, 2022, the AWS segment revenue was $20,538 million.
- For the three months ended December 31, 2022, the AWS segment revenue was $21,354 million.
- For the three months ended March 31, 2023, the AWS segment revenue was $22,140 million.
- For the three months ended June 30, 2023, the AWS segment revenue was $23,059 million.
- For the three months ended September 30, 2023, the AWS segment revenue was $23,059 million.

This indicates a consistent upward trend in AWS segment revenue across the reported periods.",,,"[2022 Q3 AMZN.pdf, 2023 Q1 AMZN.pdf, 2023 Q2 AMZN.pdf, 2023 Q3 AMZN.pdf]",111,,,
49,,Are there any notable changes in Amazon's liquidity position or cash flows as reported in these 10-Qs?,"Yes, there are notable changes in Amazon's liquidity position and cash flows as reported in the provided 10-Qs. Specifically:

1. Cash and cash equivalents increased from $30,177 million as of September 30, 2022, to $49,605 million as of September 30, 2023.
   
2. Net cash provided by operating activities increased from $39,665 million for the twelve months ended September 30, 2022, to $71,654 million for the twelve months ended September 30, 2023.

3. Net cash used in investing activities decreased from $(39,360) million for the twelve months ended September 30, 2022, to $(37,232) million for the twelve months ended September 30, 2023.

4. Net cash provided by (used in) financing activities changed from $6,532 million for the twelve months ended September 30, 2022, to $(9,133) million for the twelve months ended September 30, 2023.

These changes indicate an improvement in Amazon's liquidity position, with an increase in cash and cash equivalents and operating cash flows, a decrease in cash used for investing activities, and a shift from cash provided by financing activities to cash used in financing activities over the reported periods.",,,"[2022 Q3 AMZN.pdf, 2023 Q1 AMZN.pdf, 2023 Q2 AMZN.pdf, 2023 Q3 AMZN.pdf]",177,,,
50,,How does Amazon's R&D expenditure in the most recent quarter compare to previous quarters and what implications might this have?,"In the most recent quarter ended September 30, 2023, Amazon's R&D expenditure, categorized under ""Technology and infrastructure"" within operating expenses, was $21,203 million. Comparing this to previous quarters:

- For the quarter ended June 30, 2023, the R&D expenditure was $21,931 million.
- For the quarter ended March 31, 2023, the R&D expenditure was $20,450 million.
- For the quarter ended September 30, 2022, the R&D expenditure was $19,485 million.

The R&D expenditure in the most recent quarter shows a slight decrease from the previous quarter (Q2 2023) but an increase compared to the same quarter of the previous year (Q3 2022). This indicates a continued investment in innovation and technology development, which is essential for maintaining competitive advantage and driving future growth. However, the slight decrease from the previous quarter could suggest a more cautious approach possibly due to economic conditions or strategic realignment.",,,"[2022 Q3 AMZN.pdf, 2023 Q1 AMZN.pdf, 2023 Q2 AMZN.pdf, 2023 Q3 AMZN.pdf]",141,,,
51,,What legal proceedings or contingencies are disclosed in these 10-Qs and how might they potentially impact Amazon?,"The legal proceedings and contingencies disclosed in the 10-Qs include:

1. Claims, proceedings, and litigation related to various non-income taxes, such as sales, value added, consumption, service, and similar taxes, in jurisdictions where Amazon already collects and remits these taxes. These controversies typically relate to the taxability of products and services, collection and withholding on transactions with third parties, and compliance with reporting obligations. The final outcome of these controversies could be materially different from expectations.

2. Claims, proceedings, and litigation involving patent and other intellectual property matters, taxes, labor and employment, competition and antitrust, privacy and data protection, consumer protection, commercial disputes, goods and services offered by Amazon and third parties, and other matters.

3. Specific legal proceedings mentioned include:
   - Frame-Wilson v. Amazon.com, Inc. and similar cases alleging price fixing arrangements between Amazon and vendors and third-party sellers, monopolization, and consumer protection and unjust enrichment claims.
   - The Federal Trade Commission (FTC) and state Attorneys General lawsuit alleging Amazon has a monopoly in markets for online superstores and marketplace services and maintains those monopolies through anticompetitive practices.
   - Wilcosky v. Amazon.com, Inc. and similar cases alleging violations of the Illinois Biometric Information Privacy Act related to Amazon's collection, storage, use, retention, and protection of biometric identifiers.
   - Kove IO, Inc. v. Amazon Web Services, Inc. alleging patent infringement related to Amazon S3 and DynamoDB.
   - Dialect, LLC v. Amazon.com, Inc. and Amazon Web Services, Inc. alleging patent infringement related to Amazon's Alexa-enabled products and services.

These legal proceedings and contingencies could potentially impact Amazon by resulting in financial losses due to damages, fines, or settlement costs; changes in business practices; reputational harm; and increased legal and compliance costs. Additionally, adverse outcomes could lead to injunctions or other restrictions on Amazon's business operations.",,,"[2022 Q3 AMZN.pdf, 2023 Q1 AMZN.pdf, 2023 Q2 AMZN.pdf, 2023 Q3 AMZN.pdf]",290,,,
52,,Has Amazon engaged in any significant share repurchase activities in the reported quarters and what are the financial implications of these activities?,"Yes, Amazon has engaged in significant share repurchase activities. In the first quarter of 2022, Amazon repurchased 46.2 million shares of its common stock for $6.0 billion under its repurchase program authorized by the Board of Directors in March 2022. This program replaced the previous $5.0 billion stock repurchase authorization approved by the Board of Directors in February 2016. As of September 30, 2023, Amazon had $6.1 billion remaining under the repurchase program. There were no repurchases of common stock during the nine months ended September 30, 2023.

The financial implications of these activities include a reduction in cash and cash equivalents due to the funds used for the repurchase. The repurchase also reduces the number of outstanding shares, which can potentially increase the earnings per share (EPS) and return value to shareholders. The treasury stock account on the balance sheet increases with the cost of the repurchased shares, reflecting a reduction in stockholders' equity.",,,"[2022 Q3 AMZN.pdf, 2023 Q1 AMZN.pdf, 2023 Q2 AMZN.pdf, 2023 Q3 AMZN.pdf]",154,,,
53,,Are there any significant changes in Amazon's debt structure or interest expenses across these quarters?,"Yes, there are significant changes in Amazon's debt structure and interest expenses across these quarters. 

In the ""2022 Q3 AMZN.pdf"" document, it is mentioned that as of September 30, 2022, Amazon had $66.5 billion of unsecured senior notes outstanding and $972 million of borrowings under their credit facility. The weighted-average remaining life of the Notes was 12.9 years as of September 30, 2022.

In the ""2023 Q1 AMZN.pdf"" document, it is stated that as of March 31, 2023, Amazon had $68.5 billion of unsecured senior notes outstanding and $972 million of borrowings under their credit facility. The weighted-average remaining life of the Notes was 14.0 years as of March 31, 2023.

In the ""2023 Q2 AMZN.pdf"" document, it is indicated that as of June 30, 2023, Amazon had $66.5 billion of unsecured senior notes outstanding and $972 million of borrowings under their credit facility. The weighted-average remaining life of the Notes was 13.2 years as of June 30, 2023.

In the ""2023 Q3 AMZN.pdf"" document, it is noted that as of September 30, 2023, Amazon had $66.5 billion of unsecured senior notes outstanding and $972 million of borrowings under their credit facility. The weighted-average remaining life of the Notes was 12.9 years as of September 30, 2023.

Interest expenses have also fluctuated across these quarters. For instance, in the ""2022 Q3 AMZN.pdf"" document, interest expense was reported as $617 million for the three months ended September 30, 2022. In the ""2023 Q1 AMZN.pdf"" document, interest expense was $823 million for the three months ended March 31, 2023. In the ""2023 Q2 AMZN.pdf"" document, interest expense was $840 million for the three months ended June 30, 2023. Finally, in the ""2023 Q3 AMZN.pdf"" document, interest expense was $806 million for the three months ended September 30, 2023.

These documents show that while the total face value of long-term debt has remained relatively stable at around $66.5 billion, there have been changes in the weighted-average remaining life of the Notes and fluctuations in interest expenses.",,,"[2022 Q3 AMZN.pdf, 2023 Q1 AMZN.pdf, 2023 Q2 AMZN.pdf, 2023 Q3 AMZN.pdf]",328,,,
54,,Does Amazon report any significant new business acquisitions or divestitures in these 10-Qs?,"Yes, Amazon reports significant new business acquisitions in these 10-Qs. Specifically, the acquisition of 1Life Healthcare, Inc. (""One Medical"") is mentioned in the 2023 Q1 AMZN.pdf, 2023 Q2 AMZN.pdf, and 2023 Q3 AMZN.pdf documents. The acquisition was for cash consideration of approximately $3.5 billion, net of cash acquired, to provide health care options for customers.

Additionally, in the 2023 Q3 AMZN.pdf document, there is mention of an agreement entered into in August 2022, as amended in July 2023, to acquire iRobot Corporation for approximately $1.7 billion, including its debt, subject to customary closing conditions.

No divestitures are reported in the provided 10-Qs.",,,"[2023 Q1 AMZN.pdf, 2023 Q2 AMZN.pdf, 2023 Q3 AMZN.pdf]",100,,,
55,,How have Amazon's inventory levels changed across these quarters and what might this indicate about their supply chain management?,"Amazon's inventory levels have changed as follows across the quarters:

- As of September 30, 2022, the inventory valuation allowance was $2.8 billion.
- As of December 31, 2022, the inventory valuation allowance remained at $2.8 billion.
- As of June 30, 2023, the inventory valuation allowance slightly decreased to $2.7 billion.
- As of September 30, 2023, the inventory valuation allowance further decreased to $2.6 billion.

The decrease in inventory valuation allowance from $2.8 billion to $2.6 billion over the year may indicate that Amazon has been effectively managing its inventory levels, possibly through improved inventory turnover, better demand forecasting, or more efficient supply chain management practices. This could also suggest that Amazon is maintaining a balance between having enough stock to meet customer demand without overstocking, which can lead to increased storage costs or potential write-downs for obsolete inventory.",,,"[2022 Q3 AMZN.pdf, 2023 Q1 AMZN.pdf, 2023 Q2 AMZN.pdf, 2023 Q3 AMZN.pdf]",136,,,
56,,Are there any significant changes or new disclosures in Amazon's accounting policies as reported in these 10-Qs?,"Yes, there are significant changes or new disclosures in Amazon's accounting policies as reported in the provided 10-Qs. Specifically, in the ""2023 Q1 AMZN.pdf"" document, under ""Note 1 â€” ACCOUNTING POLICIES AND SUPPLEMENTAL DISCLOSURES,"" it is mentioned that effective January 1, 2022, research and development expenses are required to be capitalized and amortized for U.S. tax purposes, which delays the deductibility of these expenses. This change is due to the U.S. tax reform and is a significant shift from the previous immediate expensing of research and development costs.

Additionally, in the ""2023 Q3 AMZN.pdf"" document, under ""Note 2 â€” FINANCIAL INSTRUMENTS,"" there is a disclosure about a new investment in a $1.25 billion note from Anthropic, PBC, which is convertible to equity. There is also an agreement to invest up to an additional $2.75 billion in a second convertible note, along with a commercial arrangement primarily for the provision of AWS cloud services and chips. This represents a new financial commitment and investment that was not disclosed in the previous 10-Qs provided.",,,"[2023 Q1 AMZN.pdf, 2023 Q3 AMZN.pdf]",171,,,